name,fips,gfips,pop,Age0,Age5,Age10,Age15,Age20,Age25,Age30,Age35,Age40,Age45,Age50,Age55,Age60,Age65,Age70,Age75,Age80,Age85,Age90,Age95
Acres Green CDP,320,10800320,2922,158,190,187,164,154,201,196,212,200,199,193,231,185,183,144,65,33,22,4,1
Aetna Estates CDP,620,10800620,1496,122,140,185,154,99,107,98,99,148,67,79,60,40,24,50,8,13,3,0,0
Aguilar town,760,10800760,456,22,21,20,25,15,17,17,23,23,25,26,31,49,42,36,30,18,5,6,5
Iliff town,38590,10838590,246,16,13,20,17,17,11,14,10,14,16,13,11,16,18,18,12,5,5,0,0
Idalia CDP,38425,10838425,97,11,13,9,4,0,6,3,10,7,0,4,5,10,4,5,4,2,0,0,0
Idledale CDP,38480,10838480,244,8,2,12,9,3,14,34,26,8,22,26,9,12,16,17,13,8,5,0,0
Ignacio town,38535,10838535,852,55,60,83,59,43,72,58,37,49,57,30,54,59,45,28,36,19,3,3,2
Indian Hills CDP,38810,10838810,1474,65,83,98,84,25,53,87,64,114,83,145,139,130,127,89,52,23,9,3,1
Inverness CDP,38910,10838910,2226,68,43,63,53,216,389,301,197,137,118,128,148,132,103,55,48,14,6,6,1
Jackson Lake CDP,39160,10839160,131,7,5,2,9,2,0,9,1,4,6,6,12,8,27,19,6,3,4,1,0
Jamestown town,39195,10839195,256,7,18,10,10,3,14,15,19,21,18,14,25,27,27,11,5,4,2,4,2
Jansen CDP,39250,10839250,101,3,6,6,6,7,3,0,6,7,5,12,7,9,5,6,8,5,0,0,0
Joes CDP,39745,10839745,82,3,3,12,4,1,6,1,7,3,10,7,8,9,0,0,3,2,3,0,0
Johnson Village CDP,39800,10839800,299,13,16,16,16,5,25,14,16,15,7,5,39,21,28,23,23,7,10,0,0
Johnstown town,39855,10839855,17303,1147,1339,1307,1171,971,1126,1500,1427,1268,1219,991,966,886,733,567,398,185,62,30,10
Julesburg town,39965,10839965,1307,58,74,79,81,46,64,80,54,61,64,68,99,111,109,77,67,43,33,29,10
Keenesburg town,40185,10840185,1250,63,72,73,92,74,99,96,87,80,68,67,82,94,73,45,28,27,13,13,4
Ken Caryl CDP,40377,10840377,33811,1671,1967,2301,2141,1555,1962,2363,2535,2284,2307,2318,2456,2545,2155,1563,853,472,246,90,27
Kersey town,40515,10840515,1495,111,134,111,108,107,111,119,113,63,95,89,82,74,58,53,30,25,6,2,4
Keystone CDP,40550,10840550,1369,21,28,23,36,190,203,173,101,81,53,71,103,76,92,68,38,11,1,0,0
Kim town,40570,10840570,63,1,2,1,4,2,7,3,2,0,3,3,6,2,4,5,3,11,1,1,2
Kiowa town,40790,10840790,725,45,33,60,44,57,64,41,54,32,48,55,43,42,35,31,21,14,5,0,1
Kirk CDP,40900,10840900,61,2,2,5,5,1,2,1,6,2,1,0,0,8,3,8,11,1,3,0,0
Kit Carson town,41010,10841010,255,7,14,31,17,12,17,22,14,19,13,12,15,17,21,9,7,5,2,0,1
Kittredge CDP,41065,10841065,1308,50,62,111,82,61,55,111,87,120,83,108,116,100,63,50,29,15,3,2,0
Kremmling town,41560,10841560,1509,85,84,101,126,82,81,125,110,111,86,99,103,111,81,57,38,14,12,1,2
Lafayette city,41835,10841835,30411,1717,1981,2040,1810,1492,2042,2274,2408,2235,2065,2098,2010,1902,1673,1199,705,355,245,117,43
Laird CDP,42000,10842000,46,2,0,1,5,1,2,1,3,0,5,4,0,3,2,3,4,6,2,2,0
La Jara town,42055,10842055,730,38,60,59,44,40,32,44,58,34,34,38,45,54,50,40,21,24,14,0,1
La Junta city,42110,10842110,7322,457,506,510,650,456,448,453,449,374,345,396,463,433,436,366,253,177,108,33,9
La Junta Gardens CDP,42165,10842165,123,2,9,7,7,1,6,5,4,12,7,2,16,19,10,10,1,4,1,0,0
Lake City town,42330,10842330,432,16,19,36,12,15,15,19,17,29,27,21,41,42,33,46,27,8,4,1,4
Lakeside town,42495,10842495,16,2,0,2,0,2,0,0,3,0,0,2,0,1,2,1,0,0,0,1,0
Lakewood city,43000,10843000,155984,7505,7604,7940,8156,10578,14185,13945,11526,9539,8958,8965,10016,10002,8552,6835,4952,3359,2082,1000,285
Lamar city,43110,10843110,7687,523,539,586,686,465,498,487,463,440,401,380,460,457,419,365,213,167,69,50,19
Laporte CDP,43220,10843220,2409,104,119,123,106,111,124,180,189,177,127,136,174,234,187,163,85,45,20,5,0
Larkspur town,43550,10843550,206,7,14,11,12,9,8,10,15,9,13,15,17,26,21,6,4,3,1,1,4
La Salle town,43605,10843605,2359,182,177,190,147,118,198,183,169,153,149,134,134,106,114,87,53,34,22,4,5
Las Animas city,43660,10843660,2300,126,119,175,128,121,116,116,148,130,110,121,187,181,160,150,77,58,48,13,16
La Veta town,44100,10844100,862,21,30,41,42,25,29,34,47,45,34,37,69,99,85,110,50,35,22,4,3
Lazy Acres CDP,44270,10844270,957,34,26,35,32,38,36,63,51,42,55,99,86,106,109,97,21,21,5,0,1
Leadville city,44320,10844320,2633,99,119,137,113,173,257,280,216,212,179,176,165,153,151,96,41,32,24,6,4
Leadville North CDP,44375,10844375,1892,108,82,115,108,139,191,187,151,133,125,84,113,101,95,75,37,41,6,1,0
Lewis CDP,44595,10844595,257,16,12,14,18,16,4,6,2,18,18,21,27,29,27,15,10,3,0,1,0
Leyner CDP,44695,10844695,40,3,6,1,1,1,0,2,0,0,0,1,3,3,7,3,4,2,2,1,0
Limon town,44980,10844980,2043,132,155,156,135,125,152,114,123,108,104,125,127,169,93,71,61,41,26,16,10
Lincoln Park CDP,45145,10845145,3934,170,207,240,200,150,145,201,193,215,185,227,299,384,351,249,207,171,89,43,8
Littleton city,45255,10845255,45652,1996,2385,2717,2396,2508,3566,3537,3172,2890,2794,2820,3201,3149,2725,2175,1475,1043,673,326,104
Lochbuie town,45530,10845530,8088,722,759,706,581,417,770,738,719,564,451,423,371,322,208,147,96,57,19,13,5
Loghill Village CDP,45680,10845680,617,9,24,20,21,2,9,20,9,21,32,32,55,91,112,94,36,21,5,2,2
Log Lane Village town,45695,10845695,913,54,77,76,79,77,71,55,65,51,51,40,51,41,34,31,30,18,6,5,1
Loma CDP,45750,10845750,1314,56,93,88,82,44,72,66,86,98,75,87,123,141,72,52,34,27,15,2,1
Lone Tree city,45955,10845955,14253,605,733,849,866,917,1132,970,917,818,980,1090,1079,966,741,685,386,259,150,94,16
Longmont city,45970,10845970,98885,4999,5674,6591,6382,5672,7151,7379,6912,6731,6394,6330,6415,6221,5341,4292,2850,1817,1109,490,135
Louisville city,46355,10846355,21226,916,1381,1535,1260,917,1194,1209,1407,1531,1628,1502,1510,1606,1370,940,486,349,289,156,40
Louviers CDP,46410,10846410,293,12,13,20,22,16,18,4,18,12,13,34,18,33,26,14,12,1,3,3,1
Loveland city,46465,10846465,76378,3783,4138,4452,4307,4055,5262,5548,5100,4552,4276,4240,4953,5448,5120,4149,2966,1967,1238,602,222
Pagosa Springs town,56860,10856860,1571,93,133,93,76,62,79,106,112,96,86,77,118,122,108,81,54,41,20,5,9
Ouray city,56420,10856420,898,32,36,39,38,33,44,61,62,63,75,51,89,76,67,60,40,17,8,4,3
Ovid town,56475,10856475,271,15,8,21,12,12,10,17,14,16,17,12,20,30,10,22,14,9,6,2,4
Padroni CDP,56695,10856695,75,8,7,3,7,5,7,1,4,1,1,7,3,6,7,1,5,1,0,1,0
Palisade town,56970,10856970,2565,109,108,148,141,127,129,160,178,178,143,134,193,192,213,139,104,67,66,24,12
Palmer Lake town,57025,10857025,2636,108,139,172,170,127,138,138,188,156,189,183,239,240,207,113,64,32,26,3,4
Paoli town,57245,10857245,51,0,2,0,3,4,2,4,0,0,2,13,2,3,8,2,1,1,2,2,0
Paonia town,57300,10857300,1447,66,88,74,83,33,67,82,93,78,85,70,119,103,144,110,72,40,24,11,5
Parachute town,57400,10857400,1390,130,120,107,114,108,145,114,78,79,65,79,62,67,51,44,11,4,4,4,4
Paragon Estates CDP,57445,10857445,975,26,43,60,48,44,26,30,21,54,50,91,94,117,101,52,48,40,28,2,0
Parker town,57630,10857630,58512,3660,4380,4978,4579,3286,3571,3992,4560,4632,5019,4216,3449,2732,1985,1484,987,541,277,126,58
Parshall CDP,57850,10857850,42,1,0,1,0,4,2,1,2,7,0,1,3,8,7,4,1,0,0,0,0
Peetz town,58235,10858235,213,15,13,16,10,10,11,16,12,11,8,8,18,28,11,9,5,11,1,0,0
Penrose CDP,58400,10858400,3685,164,192,183,217,142,156,199,211,187,209,258,331,330,333,263,170,94,34,12,0
Peoria CDP,58510,10858510,153,7,8,14,17,13,3,6,15,7,18,8,12,8,6,2,7,0,0,2,0
Perry Park CDP,58592,10858592,1932,54,72,85,90,74,68,54,80,79,137,186,201,187,229,158,99,58,14,5,2
Peyton CDP,58675,10858675,214,8,12,16,11,7,16,9,23,14,9,11,13,34,3,16,6,5,0,1,0
Piedra CDP,58960,10858960,31,1,0,1,1,0,0,0,0,0,1,1,3,3,12,3,2,3,0,0,0
Pierce town,59005,10859005,1097,69,89,108,72,40,82,88,78,72,59,66,63,68,65,31,21,14,6,3,3
Pine Brook Hill CDP,59240,10859240,975,47,29,60,52,25,28,36,58,70,90,71,61,76,82,79,84,17,8,0,2
Pitkin town,59830,10859830,72,3,3,4,2,0,1,3,6,3,2,6,3,8,11,10,3,2,1,1,0
Platteville town,60160,10860160,2955,187,203,275,240,160,208,229,212,192,193,173,180,166,115,89,68,42,15,7,1
Poncha Springs town,60600,10860600,925,48,56,53,39,29,60,64,59,63,56,53,45,83,82,71,20,27,15,1,1
Ponderosa Park CDP,60655,10860655,3334,152,149,215,235,162,103,138,165,164,224,294,349,353,275,201,84,39,24,7,1
Portland CDP,60765,10860765,136,6,6,9,3,2,4,5,7,1,7,10,17,23,11,16,5,3,1,0,0
Pritchett town,61315,10861315,112,11,7,7,10,5,11,2,12,6,3,3,11,8,9,4,1,2,0,0,0
Pueblo city,62000,10862000,111876,6167,6835,7379,7233,7086,7564,7365,7262,6625,6099,6270,7007,7695,6909,5556,3446,2492,1674,942,270
Pueblo West CDP,62220,10862220,33086,1759,2103,2549,2221,1554,1673,1928,2023,1949,2135,2180,2422,2340,2133,1873,1152,637,305,120,30
Ramah town,62660,10862660,111,5,4,2,2,5,7,2,2,9,9,10,6,10,12,8,10,4,2,0,2
Rangely town,62880,10862880,2299,145,161,197,240,179,126,150,164,143,105,96,135,168,100,68,52,37,25,8,0
Raymer (New Raymer) town,63045,10863045,110,4,13,12,11,3,3,6,8,10,5,5,3,4,12,3,1,3,1,3,0
Red Cliff town,63265,10863265,257,10,8,16,12,13,15,24,19,20,22,21,27,17,14,5,3,4,5,2,0
Red Feather Lakes CDP,63320,10863320,426,3,13,7,6,9,11,14,29,17,25,25,47,86,55,46,19,10,3,1,0
Redlands CDP,63375,10863375,9061,328,521,598,551,306,271,383,476,506,471,522,676,832,864,698,500,294,182,65,17
Redstone CDP,63650,10863650,127,5,6,6,10,4,5,12,12,10,4,9,6,5,5,18,10,0,0,0,0
Redvale CDP,63705,10863705,172,3,10,11,5,10,4,2,8,15,7,9,34,27,8,7,6,2,2,0,2
Rico town,64090,10864090,288,7,14,15,11,12,16,34,23,16,18,34,24,28,20,8,1,2,2,1,2
Ridgway town,64200,10864200,1183,36,66,79,62,32,51,65,110,76,102,74,82,98,112,78,39,12,5,3,1
Rifle city,64255,10864255,10437,858,824,859,813,742,772,754,843,692,580,585,546,515,381,246,171,111,63,59,23
Rock Creek Park CDP,64870,10864870,68,0,2,1,6,2,3,2,5,0,6,3,8,2,13,6,5,3,0,1,0
Rockvale town,64970,10864970,511,22,23,23,27,22,22,18,19,36,26,34,38,52,50,55,23,13,7,0,1
Rocky Ford city,65190,10865190,3876,195,265,264,268,176,215,242,236,212,204,204,282,264,278,198,142,117,68,38,8
Rollinsville CDP,65685,10865685,194,4,4,15,9,10,9,18,14,13,16,15,15,29,16,3,3,0,1,0,0
Romeo town,65740,10865740,302,21,26,22,18,21,15,21,17,17,14,21,15,18,26,13,3,11,2,0,1
Roxborough Park CDP,66197,10866197,9416,564,602,690,606,329,380,536,697,669,692,737,801,741,591,400,230,93,32,23,3
Rye town,66895,10866895,206,13,17,18,13,5,10,8,18,14,14,8,10,15,14,16,6,3,2,1,1
Saddle Ridge CDP,66995,10866995,66,7,1,2,7,1,1,3,0,2,0,8,13,5,8,6,1,1,0,0,0
Saguache town,67005,10867005,539,20,21,32,22,29,21,31,37,29,34,19,46,40,60,34,22,20,11,7,4
St. Ann Highlands CDP,67040,10867040,325,11,14,32,13,3,2,10,33,3,32,11,44,31,39,21,18,7,0,1,0
St. Mary's CDP,67142,10867142,333,17,11,15,18,11,14,26,16,23,23,29,36,33,31,14,8,7,1,0,0
Salida city,67280,10867280,5666,240,252,284,251,183,282,367,388,378,362,371,420,457,481,392,210,157,115,49,27
San Luis town,68105,10868105,598,30,26,44,41,30,32,28,29,33,39,33,37,48,39,38,33,19,11,7,1
Salt Creek CDP,67445,10867445,507,20,16,23,31,29,17,21,36,34,22,31,44,52,42,24,28,20,15,2,0
San Acacio CDP,67500,10867500,56,1,3,1,4,9,4,1,4,3,2,4,3,5,3,5,2,1,0,1,0
Sanford town,67830,10867830,879,59,87,93,68,40,34,45,59,46,54,41,50,57,43,42,34,16,9,1,1
Sawpit town,68655,10868655,38,3,0,2,2,1,2,4,5,1,4,2,0,3,3,1,1,0,2,0,2
Security-Widefield CDP,68847,10868847,38639,2764,2706,2916,2689,2342,3125,3166,2816,2312,2162,2048,2425,2291,1709,1245,752,618,360,153,40
Sedalia CDP,68875,10868875,177,10,9,6,13,7,9,2,7,9,13,12,14,13,7,23,12,9,1,0,1
Sedgwick town,68930,10868930,172,7,8,14,8,4,9,12,15,9,3,10,16,20,19,9,3,5,0,1,0
Segundo CDP,68985,10868985,100,1,6,5,5,6,3,4,10,3,3,1,12,14,6,11,6,3,0,0,1
Seibert town,69040,10869040,172,5,2,16,11,2,8,10,11,6,9,13,9,22,20,9,7,5,6,1,0
Seven Hills CDP,69110,10869110,129,4,3,10,8,2,6,3,4,12,9,1,26,23,6,11,0,1,0,0,0
Severance town,69150,10869150,7683,674,695,723,459,348,562,740,722,608,454,379,351,353,266,188,98,38,18,6,1
Shaw Heights CDP,69480,10869480,5185,308,262,340,376,359,369,433,412,340,288,257,319,324,255,209,131,117,54,24,8
Sheridan city,69645,10869645,6105,307,322,425,420,417,550,518,504,377,330,299,398,391,308,221,128,100,62,20,8
Sheridan Lake town,69700,10869700,55,4,4,1,8,4,1,4,4,1,5,4,3,5,3,1,2,0,1,0,0
Sherrelwood CDP,69810,10869810,19228,1178,1254,1481,1500,1428,1464,1628,1448,1295,1138,1032,1139,951,753,557,396,321,167,81,17
Silt town,70195,10870195,3536,255,319,317,300,193,243,248,311,283,241,190,180,171,121,81,53,25,4,1,0
Silver Cliff town,70250,10870250,609,33,34,33,25,39,29,18,48,32,27,39,40,53,51,47,27,12,14,4,4
Silver Plume town,70360,10870360,207,10,12,8,5,8,20,20,18,7,15,16,16,10,14,13,9,1,2,2,1
Silverthorne town,70525,10870525,4402,246,271,265,234,191,340,336,350,295,348,279,292,321,295,194,94,40,7,4,0
Silverton town,70580,10870580,622,16,34,20,23,19,51,50,53,36,34,43,43,54,47,48,33,10,4,1,3
Simla town,70635,10870635,601,23,44,41,63,33,43,40,19,34,42,27,45,38,30,20,26,16,14,1,2
Smeltertown CDP,71625,10871625,88,2,5,4,5,0,7,8,4,1,6,2,5,12,11,7,5,0,4,0,0
Snowmass Village town,71755,10871755,3096,102,148,198,147,149,255,225,253,205,243,211,201,209,221,157,105,42,13,12,0
Snyder CDP,71790,10871790,136,9,12,5,6,2,4,18,9,8,7,12,11,10,11,7,3,0,2,0,0
Southern Ute CDP,72320,10872320,158,8,7,17,9,5,11,7,11,4,6,15,6,13,13,4,6,15,0,1,0
South Fork town,72395,10872395,510,20,25,9,16,14,20,30,30,22,11,25,44,59,66,55,29,22,6,3,4
Springfield town,73330,10873330,1325,65,75,89,68,73,72,85,83,61,63,68,93,92,96,86,58,50,30,12,6
Starkville town,73715,10873715,62,0,2,4,4,4,0,1,5,1,5,5,7,4,5,7,3,3,0,0,2
Steamboat Springs city,73825,10873825,13224,536,620,824,774,772,1032,1051,975,973,938,902,857,902,840,627,290,145,99,47,20
Sterling city,73935,10873935,13735,703,648,672,881,1025,1242,1140,1158,856,784,715,836,827,788,506,340,274,197,113,30
Stonegate CDP,74080,10874080,9072,565,685,820,790,406,359,515,660,723,802,697,677,519,331,271,116,84,28,23,1
Stonewall Gap CDP,74275,10874275,66,4,2,2,1,1,1,3,0,4,1,3,5,4,14,9,8,3,1,0,0
Strasburg CDP,74375,10874375,3307,215,263,231,247,175,171,234,250,239,200,210,205,227,158,116,69,65,28,3,1
Stratmoor CDP,74430,10874430,6518,489,494,475,458,496,561,540,465,370,327,316,342,376,266,229,117,100,72,19,6
Stratton town,74485,10874485,656,45,44,59,35,23,36,44,49,41,35,37,31,49,47,39,18,12,7,5,0
Sugar City town,74815,10874815,259,12,6,13,17,14,6,5,13,16,19,9,24,36,23,23,8,4,6,3,2
Sugarloaf CDP,74980,10874980,274,4,16,11,5,11,2,28,19,26,13,20,19,24,35,15,18,4,2,2,0
Sunshine CDP,75585,10875585,198,3,10,15,1,1,2,7,12,21,17,17,19,16,18,24,6,1,4,4,0
Superior town,75640,10875640,13094,613,870,1138,1045,830,861,866,929,964,1153,1153,1018,669,429,293,147,76,29,6,5
Swink town,75970,10875970,604,26,33,34,48,32,20,42,31,38,43,31,52,41,52,35,26,13,4,2,1
Tabernash CDP,76190,10876190,401,18,29,11,22,22,13,28,17,43,56,24,45,39,10,11,10,2,1,0,0
Tall Timber CDP,76325,10876325,185,4,8,7,11,8,24,5,16,12,13,12,13,15,13,8,7,7,2,0,0
Telluride town,76795,10876795,2607,101,118,151,125,151,284,267,182,194,201,209,175,161,106,110,47,14,6,2,3
The Pinery CDP,77235,10877235,11311,475,682,928,930,485,321,389,538,701,908,927,1038,962,783,647,318,156,96,22,5
Thornton city,77290,10877290,141867,9044,10207,11077,10435,9139,10523,11438,11309,10407,9577,8528,7877,7035,5862,4404,2527,1361,728,309,80
Timnath town,77510,10877510,6487,489,704,700,483,224,171,399,635,592,542,343,317,292,252,180,96,34,19,10,5
Todd Creek CDP,77757,10877757,5028,228,313,358,371,247,150,196,273,369,435,459,470,459,299,201,116,35,29,14,6
Towaoc CDP,78280,10878280,1120,100,133,110,73,71,97,90,61,57,60,67,56,82,19,13,15,10,5,1,0
Towner CDP,78335,10878335,18,2,1,0,0,1,1,0,2,5,0,1,0,1,0,1,2,1,0,0,0
Trail Side CDP,78345,10878345,157,9,24,14,9,10,5,18,13,3,5,15,8,10,0,7,2,5,0,0,0
Campo town,11645,10811645,103,6,2,9,13,5,8,3,7,4,6,3,5,8,10,4,4,2,3,1,0
Burlington city,10600,10810600,3172,243,226,243,193,187,225,206,210,168,169,159,194,193,147,127,104,84,55,32,7
Byers CDP,10985,10810985,1322,64,97,102,80,88,62,84,97,66,86,89,95,94,79,61,44,18,13,3,0
Calhan town,11260,10811260,762,55,46,45,45,45,46,51,33,42,52,55,52,41,49,41,32,17,9,4,2
Cañon City city,11810,10811810,17141,805,891,968,957,792,958,1105,1090,924,966,941,1202,1210,1246,1114,826,559,357,177,53
Capulin CDP,11975,10811975,134,7,15,4,5,8,9,2,5,3,7,8,13,15,11,10,3,4,5,0,0
Carbondale town,12045,10812045,6434,330,415,460,369,306,503,527,526,517,454,389,345,332,297,289,147,89,79,45,15
Cascade-Chipita Park CDP,12325,10812325,1628,59,82,70,69,48,58,90,109,66,108,95,170,158,176,130,73,39,20,6,2
Castle Pines CDP,12387,10812387,11036,426,656,1096,1131,480,281,308,517,712,1019,1109,931,703,538,507,318,183,81,25,15
Castle Rock town,12415,10812415,73158,4904,5745,6323,5532,3445,4104,5037,5825,5677,5806,5041,4299,3512,2865,2321,1422,714,353,161,72
Cathedral CDP,12450,10812450,15,0,1,0,0,2,0,0,2,1,2,0,4,0,0,1,0,2,0,0,0
Catherine CDP,12460,10812460,235,12,17,11,22,4,13,6,34,14,9,37,9,24,7,8,8,0,0,0,0
Cattle Creek CDP,12470,10812470,662,32,62,54,47,50,35,34,65,56,40,26,60,31,27,18,16,7,0,2,0
Cedaredge town,12635,10812635,2279,84,111,122,119,81,84,92,84,110,94,103,171,173,275,221,158,116,57,16,8
Centennial city,12815,10812815,108418,5562,6830,7786,7213,5150,5948,6731,7749,7487,7480,7078,7274,7348,6309,5264,3333,1881,1230,569,196
Center town,12855,10812855,1929,141,153,168,164,94,133,117,113,95,97,126,140,127,92,73,48,24,17,6,1
Central City city,12910,10812910,779,20,31,34,34,48,49,57,48,53,72,47,84,68,55,44,15,13,6,0,1
Chacra CDP,12945,10812945,331,17,19,22,22,17,7,19,16,27,24,21,33,45,19,12,7,3,1,0,0
Cheraw town,13460,10813460,237,16,18,12,13,15,8,11,10,15,21,14,10,24,22,12,10,4,2,0,0
Cherry Creek CDP,13590,10813590,11488,501,874,1040,924,584,599,540,680,909,931,843,671,722,662,514,232,123,84,39,16
Cherry Hills Village city,13845,10813845,6442,270,492,651,661,245,133,119,250,363,551,492,476,453,407,367,230,159,75,31,17
Cheyenne Wells town,14175,10814175,758,27,47,52,35,38,37,49,36,37,35,38,68,67,75,37,19,25,12,17,7
Cimarron Hills CDP,14587,10814587,19311,1408,1402,1402,1158,1320,1752,1788,1481,1243,1133,1013,1116,1012,794,606,348,199,102,27,7
City of Creede town,14765,10814765,257,7,6,4,3,9,13,21,24,3,20,18,18,31,31,20,6,16,1,3,3
Clifton CDP,15165,10815165,20413,1349,1433,1633,1386,1372,1550,1435,1488,1217,1069,961,1286,1322,1089,762,490,309,161,82,19
Coal Creek CDP,15302,10815302,2494,76,105,120,92,57,101,184,174,183,229,216,279,249,216,106,50,30,17,6,4
Coal Creek town,15330,10815330,364,15,17,25,20,17,12,16,31,23,17,24,28,31,33,30,13,7,2,1,2
Coaldale CDP,15440,10815440,343,10,6,13,8,10,11,12,22,12,16,10,26,44,59,59,9,12,2,2,0
Cokedale town,15550,10815550,127,3,7,6,8,4,6,6,9,7,8,5,11,11,8,13,4,3,2,1,5
Collbran town,15605,10815605,369,14,16,20,25,22,15,16,17,21,24,22,49,25,32,18,25,4,3,1,0
Colona CDP,15825,10815825,36,0,3,2,1,1,0,1,5,0,8,3,0,6,0,3,2,1,0,0,0
Colorado City CDP,15935,10815935,2237,104,124,136,149,73,104,86,122,114,141,125,169,198,219,141,110,70,40,10,2
Colorado Springs city,16000,10816000,478961,28105,29914,30934,30258,36359,39624,37405,34213,29050,27343,26930,30026,28472,23861,18864,12026,7782,4945,2171,679
Columbine CDP,16110,10816110,25229,1250,1468,1631,1597,1038,1135,1506,1714,1573,1643,1593,1787,1859,1694,1368,995,651,430,234,63
Columbine Valley town,16385,10816385,1502,56,104,118,86,63,25,24,85,74,105,97,94,137,113,149,71,55,33,11,2
Comanche Creek CDP,16465,10816465,442,24,18,42,41,9,11,18,27,36,22,55,34,40,22,25,10,3,4,1,0
Commerce City city,16495,10816495,62418,4914,5354,5598,4783,3620,4407,5286,5681,5001,4148,3358,2832,2556,2005,1341,738,442,226,90,38
Conejos CDP,16715,10816715,46,1,2,0,4,2,3,0,2,4,2,1,6,3,8,3,3,2,0,0,0
Copper Mountain CDP,17150,10817150,650,10,12,17,33,113,121,69,59,55,31,32,21,24,25,18,3,2,5,0,0
Cortez city,17375,10817375,8766,498,654,592,507,442,576,639,565,459,466,428,510,561,613,427,323,208,166,98,34
Cotopaxi CDP,17485,10817485,44,2,0,0,4,1,1,1,2,3,1,0,1,10,8,0,5,0,2,3,0
Craig city,17760,10817760,9060,581,648,709,626,511,642,668,626,566,480,488,548,609,498,344,235,129,90,50,12
Crawford town,17925,10817925,403,19,19,26,26,16,24,25,20,24,26,27,23,25,44,22,26,7,3,0,1
Crested Butte town,18310,10818310,1639,35,75,99,83,82,153,169,137,124,144,169,114,83,75,54,32,8,3,0,0
Crestone town,18420,10818420,141,6,7,4,10,6,2,9,7,12,10,4,10,9,21,12,7,2,2,0,1
Cripple Creek city,18530,10818530,1155,43,49,45,50,58,80,68,76,63,76,83,94,100,109,77,40,21,17,2,4
Crisman CDP,18585,10818585,179,4,10,3,5,5,9,18,13,10,7,3,9,21,35,10,2,13,1,0,1
Crook town,18640,10818640,133,7,5,10,11,5,5,12,9,6,5,9,8,12,12,8,7,0,0,1,1
Crowley town,18750,10818750,166,9,6,7,10,5,6,4,10,11,12,14,17,13,15,12,5,5,2,3,0
Dacono city,19080,10819080,6297,491,513,458,385,347,456,588,529,438,379,367,389,318,255,180,109,50,29,14,2
Dakota Ridge CDP,19150,10819150,33892,1704,1954,2275,2087,1818,2060,2390,2575,2314,2339,2276,2710,2338,1958,1427,874,476,210,84,23
Delta city,19850,10819850,9035,520,635,644,574,488,550,528,509,468,459,509,562,622,553,467,367,263,179,96,42
De Beque town,19355,10819355,493,34,34,39,27,24,45,33,35,18,25,28,44,38,23,23,18,1,1,1,2
Deer Trail town,19630,10819630,1068,99,98,68,65,58,92,98,71,65,45,67,52,76,44,23,17,16,7,4,3
Del Norte town,19795,10819795,1458,72,88,84,86,56,76,95,74,100,77,92,103,104,117,95,62,31,27,8,11
Denver city,20000,10820000,715522,38401,37249,37714,35611,50339,88813,82655,64272,48817,41899,36916,34373,32705,29533,23490,14274,8863,5550,3027,1021
Derby CDP,20275,10820275,8407,583,658,808,751,628,605,571,620,531,479,477,446,396,323,220,134,94,62,17,4
Dillon town,20440,10820440,1064,40,36,46,43,65,99,104,77,67,58,75,79,95,62,61,30,21,4,0,2
Dinosaur town,20495,10820495,243,10,10,14,12,7,12,14,14,12,8,15,26,28,23,16,14,4,2,1,1
Divide CDP,20605,10820605,143,5,6,7,12,2,7,9,11,1,3,28,4,26,14,3,5,0,0,0,0
Dolores town,20770,10820770,885,49,38,57,64,37,60,47,68,44,57,73,61,54,56,56,29,17,4,11,3
Dotsero CDP,21155,10821155,1172,90,118,104,125,74,99,79,90,114,78,73,51,33,14,19,6,3,1,0,1
Dove Creek town,21265,10821265,635,43,31,32,40,28,26,26,34,38,35,40,35,65,53,35,29,19,18,5,3
Dove Valley CDP,21330,10821330,5640,424,410,418,350,354,703,658,568,442,356,269,221,187,107,92,53,14,10,4,0
Downieville-Lawson-Dumont CDP,21390,10821390,527,27,12,34,19,13,28,32,26,59,41,40,38,41,50,33,18,9,5,0,2
Durango city,22035,10822035,19071,719,830,920,1221,2732,1487,1509,1420,1167,1145,971,938,1124,1004,807,493,243,196,113,32
Eads town,22145,10822145,672,55,44,49,28,24,40,37,37,38,29,24,51,70,41,49,24,11,9,3,9
Eagle town,22200,10822200,7511,435,581,717,566,318,338,476,624,686,673,567,443,359,330,193,108,53,24,16,4
East Pleasant View CDP,22575,10822575,333,14,9,25,6,29,26,22,28,20,19,29,21,26,24,9,12,9,2,3,0
Eaton town,22860,10822860,5802,396,453,478,411,271,323,434,450,356,334,311,329,329,311,286,163,96,50,16,5
Eckley town,23025,10823025,232,17,6,24,20,8,12,22,13,5,13,16,17,28,8,5,4,7,5,2,0
Edgewater city,23135,10823135,5005,275,226,223,218,306,596,739,482,388,270,237,295,255,189,121,95,53,23,12,2
Edwards CDP,23300,10823300,11246,518,671,851,839,602,634,780,872,846,861,866,713,687,634,479,252,86,42,10,3
Elbert CDP,23520,10823520,188,13,14,5,13,10,14,17,4,15,15,11,9,14,14,13,5,2,0,0,0
Eldora CDP,23575,10823575,140,1,5,4,3,3,9,10,10,10,7,20,11,21,16,3,4,0,2,1,0
Eldorado Springs CDP,23630,10823630,559,14,17,35,34,19,27,38,27,32,31,35,48,47,54,61,22,13,3,2,0
Elizabeth town,23740,10823740,1675,130,133,147,121,95,105,150,131,121,98,93,92,96,60,44,32,18,6,0,3
El Jebel CDP,23795,10823795,4130,229,253,287,321,264,268,304,303,319,278,298,261,266,225,148,62,25,9,7,3
Ellicott CDP,24235,10824235,1248,108,110,107,100,48,54,78,107,59,83,82,84,55,77,63,10,15,5,2,1
El Moro CDP,24290,10824290,216,6,18,11,21,7,9,10,11,13,7,22,27,13,23,5,6,4,2,1,0
Empire town,24620,10824620,345,14,12,18,14,16,22,27,22,25,29,18,23,40,30,20,8,3,1,1,2
Englewood city,24785,10824785,33659,1688,1411,1402,1274,2150,3968,4062,3071,2133,1850,1815,2110,1939,1680,1210,753,503,356,217,67
Erie town,24950,10824950,30038,2131,2585,2743,2149,1037,1172,1973,2643,2659,2498,2014,1774,1503,1273,932,505,269,121,38,19
Estes Park town,25115,10825115,5904,198,226,259,251,195,300,308,319,270,266,320,389,565,609,577,370,229,158,64,31
Evans city,25280,10825280,22165,1696,1718,1742,1651,2060,2084,1922,1622,1377,1220,1130,1064,893,762,530,369,181,92,47,5
Evergreen CDP,25390,10825390,9307,376,543,671,593,300,315,382,544,603,764,779,758,742,745,577,321,162,89,30,13
Fairmount CDP,25550,10825550,9324,552,546,597,533,349,291,548,626,693,575,625,794,689,665,549,338,204,93,46,11
Fairplay town,25610,10825610,724,29,44,39,45,26,62,62,66,64,56,55,45,46,40,31,6,7,0,0,1
Federal Heights city,26270,10826270,14382,1080,1039,1139,1082,1138,1150,1105,1010,931,868,721,855,720,513,424,284,182,96,37,8
Firestone town,26600,10826600,16381,1233,1349,1445,1215,860,1008,1279,1467,1216,1103,996,911,757,599,451,267,139,47,24,15
Flagler town,26765,10826765,567,28,24,42,27,13,28,42,31,25,20,41,43,50,45,36,36,15,10,6,5
Fleming town,26875,10826875,428,32,36,21,26,12,18,41,28,18,19,31,35,37,27,18,20,4,2,3,0
Florence city,27040,10827040,3822,197,221,255,189,183,232,199,234,200,214,234,258,323,271,222,151,103,83,36,17
Florissant CDP,27095,10827095,128,4,16,6,0,3,3,5,16,3,6,11,11,16,15,7,5,1,0,0,0
Floyd Hill CDP,27175,10827175,1048,28,41,55,47,24,39,72,68,95,73,85,112,116,77,76,22,9,7,2,0
Fort Carson CDP,27370,10827370,17693,1796,1495,875,1425,6363,2688,1398,835,408,189,72,53,47,18,12,10,2,5,2,0
Fort Collins city,27425,10827425,169810,7409,8823,9200,14901,22782,16842,13204,11235,10381,9333,7961,7991,8138,7399,5670,3644,2223,1555,821,298
Fort Garland CDP,27535,10827535,464,23,35,38,35,22,17,26,25,22,18,24,39,40,44,18,14,11,7,4,2
Fort Lupton city,27700,10827700,7955,542,589,608,644,520,534,565,550,469,442,484,542,484,399,272,136,105,47,17,6
Fort Morgan city,27810,10827810,11597,937,926,913,871,781,895,849,722,641,570,613,626,604,530,383,274,222,154,66,20
Fountain city,27865,10827865,29802,2464,2520,2443,2098,2242,2882,2737,2450,1882,1655,1516,1499,1191,882,570,375,226,114,40,16
Fowler town,27975,10827975,1253,51,45,104,92,62,63,54,91,80,70,61,86,89,77,73,64,32,35,18,6
Foxfield town,28105,10828105,754,35,45,44,42,45,31,29,37,41,42,50,57,69,66,53,32,19,11,4,2
Franktown CDP,28250,10828250,409,28,28,25,28,19,4,20,28,18,45,33,14,27,35,28,14,10,0,5,0
McCoy CDP,47345,10847345,30,0,0,0,6,0,0,2,2,2,1,1,2,4,3,7,0,0,0,0,0
Lynn CDP,47015,10847015,11,0,0,3,1,0,0,0,2,0,1,0,0,0,2,0,0,1,1,0,0
Lyons town,47070,10847070,2209,89,155,199,120,68,82,91,142,196,233,189,168,166,131,85,54,19,7,11,4
Manassa town,48060,10848060,947,54,79,87,77,41,57,53,67,50,35,54,46,57,53,61,28,23,15,9,1
Mancos town,48115,10848115,1196,61,72,68,69,48,80,97,95,68,74,66,84,81,82,75,44,17,8,4,3
Manitou Springs city,48445,10848445,4858,125,165,215,250,249,330,290,299,336,320,349,448,424,406,327,178,84,35,22,6
Manzanola town,48500,10848500,341,19,21,15,16,11,22,14,28,23,15,12,23,28,28,26,19,10,6,3,2
Marble town,48555,10848555,133,2,3,3,3,6,6,12,20,9,7,9,7,14,10,16,5,1,0,0,0
Maybell CDP,49325,10849325,76,2,1,4,2,1,3,3,0,3,3,10,17,3,10,4,7,3,0,0,0
Maysville CDP,49490,10849490,173,5,6,8,8,5,6,13,5,10,19,9,20,13,26,9,4,1,6,0,0
Mead town,49600,10849600,4781,264,358,422,397,195,187,275,365,361,330,358,351,327,260,166,86,43,22,8,6
Meeker town,49875,10849875,2374,139,167,221,166,97,139,160,182,125,112,112,159,133,171,126,66,54,28,16,1
Meridian CDP,50012,10850012,4786,345,241,163,190,321,666,575,508,283,335,262,252,202,126,100,66,56,51,37,7
Merino town,50040,10850040,281,13,25,19,15,15,20,15,18,20,14,18,23,20,16,9,10,7,1,3,0
Midland CDP,50380,10850380,182,8,7,8,2,5,2,15,16,15,8,20,17,12,18,18,6,5,0,0,0
Milliken town,50480,10850480,8386,747,731,649,523,428,769,891,679,573,474,453,399,331,311,196,130,58,31,7,6
Minturn town,50920,10850920,1033,31,42,60,50,41,132,126,92,73,89,67,58,57,37,31,22,11,7,5,2
Moffat town,51250,10851250,108,4,5,7,2,4,6,9,9,7,5,9,9,8,6,7,6,3,0,0,2
Monte Vista city,51635,10851635,4247,236,308,325,293,225,219,283,291,238,209,229,266,308,266,217,137,89,74,27,7
Montezuma town,51690,10851690,74,2,1,2,0,5,15,7,2,5,15,8,2,1,5,2,1,0,1,0,0
Montrose city,51745,10851745,20291,1002,1226,1359,1155,935,1017,1152,1285,1027,1099,1090,1256,1403,1419,1427,1078,714,407,181,59
Monument town,51800,10851800,10399,583,749,1007,895,512,413,522,680,787,875,811,767,597,399,341,194,134,88,35,10
Morgan Heights CDP,51975,10851975,298,26,20,5,25,17,18,4,10,34,15,16,16,28,20,29,7,6,1,1,0
Morrison town,52075,10852075,396,13,7,12,15,8,12,14,16,20,19,25,38,29,29,38,24,33,24,10,10
Mountain Meadows CDP,52210,10852210,237,8,3,8,15,6,2,22,16,15,10,23,18,23,36,21,6,2,1,2,0
Mountain View town,52350,10852350,541,33,18,22,13,25,53,75,66,39,24,25,33,30,28,18,18,13,4,2,2
Mountain Village town,52550,10852550,1264,40,44,73,57,121,168,128,80,93,92,73,104,71,46,36,26,7,3,2,0
Mount Crested Butte town,52570,10852570,941,37,34,41,34,50,94,92,83,84,91,76,76,42,58,29,11,3,4,0,2
Mulford CDP,52820,10852820,259,9,14,18,11,1,7,26,6,17,17,7,15,30,32,19,19,8,3,0,0
Naturita town,53120,10853120,485,24,18,23,33,20,23,21,31,31,32,39,33,41,45,29,16,14,5,4,3
Nederland town,53175,10853175,1471,57,65,62,51,51,99,149,119,119,133,100,119,146,107,48,21,16,4,2,3
New Castle town,53395,10853395,4923,305,385,380,358,245,312,358,391,365,300,306,331,293,276,146,95,46,25,4,2
Niwot CDP,53780,10853780,4306,140,189,238,269,184,252,210,223,246,279,331,408,485,344,269,130,73,33,3,0
No Name CDP,53875,10853875,117,7,4,6,6,0,7,13,3,7,7,8,8,5,11,14,0,6,5,0,0
Norrie CDP,53945,10853945,7,0,0,1,0,0,0,3,0,0,0,1,0,0,1,0,0,1,0,0,0
Northglenn city,54330,10854330,38131,2316,2445,2513,2455,2775,3503,3381,2916,2462,2175,2062,2238,2082,1555,1150,813,647,421,166,56
North La Junta CDP,54495,10854495,482,26,39,26,27,21,32,18,30,11,20,31,30,31,49,22,24,25,15,5,0
North Washington CDP,54750,10854750,733,39,30,81,42,53,51,55,63,57,44,48,51,49,26,7,19,9,4,3,2
Norwood town,54880,10854880,535,34,34,40,32,31,33,37,44,47,33,30,33,36,30,22,14,4,1,0,0
Nucla town,54935,10854935,585,28,32,24,29,20,29,21,34,39,20,39,66,62,54,33,29,14,6,3,3
Nunn town,55045,10855045,504,37,30,40,29,20,45,38,32,30,36,28,37,37,28,14,13,6,3,1,0
Oak Creek town,55155,10855155,889,53,44,49,35,46,68,104,70,58,95,41,60,48,51,32,9,11,10,5,0
Olathe town,55540,10855540,2019,116,153,142,167,168,140,126,142,136,105,125,100,103,69,93,36,47,24,19,8
Olney Springs town,55705,10855705,315,21,19,27,17,6,13,31,12,12,27,34,18,22,20,19,11,4,2,0,0
Ophir town,55870,10855870,197,6,12,26,13,8,14,11,17,14,27,17,14,6,6,2,2,0,0,1,1
Orchard CDP,55925,10855925,76,1,4,2,3,6,3,4,7,9,10,5,2,6,11,0,1,1,1,0,0
Orchard City town,55980,10855980,3142,125,142,214,168,97,101,137,140,167,159,168,227,276,277,286,198,146,80,28,6
Orchard Mesa CDP,56035,10856035,6688,332,387,401,417,327,397,432,419,398,360,377,469,573,465,407,263,146,79,33,6
Ordway town,56145,10856145,1066,45,65,65,65,58,68,51,48,58,66,65,72,81,87,60,37,32,25,9,9
Otis town,56365,10856365,511,31,51,44,26,23,29,36,27,31,31,27,27,35,21,31,17,19,3,2,0
Two Buttes town,79270,10879270,34,1,0,1,2,3,1,2,3,0,3,1,2,6,4,3,1,0,1,0,0
Trinidad city,78610,10878610,8329,393,424,522,496,464,483,503,497,457,432,462,596,662,666,525,292,219,134,82,20
Twin Lakes CDP,79100,10879100,8226,574,420,463,472,446,780,959,826,585,465,476,446,429,313,242,120,113,76,15,6
Twin Lakes CDP,79105,10879105,204,8,5,12,7,5,11,6,12,9,9,18,16,30,14,12,21,6,1,0,2
Upper Bear Creek CDP,79785,10879785,984,30,29,28,29,21,28,35,43,56,45,58,113,125,154,109,57,17,6,1,0
Vail town,80040,10880040,4835,135,119,163,167,304,661,603,378,280,319,308,313,308,273,218,162,86,29,6,3
Valdez CDP,80095,10880095,46,5,3,2,0,0,4,4,0,1,4,1,4,4,4,6,0,4,0,0,0
Valmont CDP,80370,10880370,64,2,1,0,5,7,8,6,3,2,10,4,5,1,3,3,2,2,0,0,0
Vernon CDP,80755,10880755,38,4,5,1,1,1,1,1,6,1,1,1,5,3,2,0,5,0,0,0,0
Victor city,80865,10880865,379,8,16,20,12,13,26,17,18,14,17,44,47,40,42,26,8,8,1,2,0
Vilas town,81030,10881030,98,6,8,15,10,2,2,5,5,7,6,5,4,9,1,2,2,5,2,1,1
Vineland CDP,81305,10881305,269,9,18,15,18,12,28,17,16,28,7,44,9,23,6,7,4,2,6,0,0
Vona town,81690,10881690,95,3,1,4,8,5,7,7,3,5,8,7,7,6,4,8,6,2,2,2,0
Walden town,82130,10882130,606,31,33,37,32,21,22,44,44,32,35,40,35,65,51,33,17,18,9,7,0
Walsenburg city,82350,10882350,3049,130,175,193,189,127,157,165,146,185,131,195,267,272,252,178,115,95,53,18,6
Walsh town,82460,10882460,543,21,34,38,26,28,33,28,29,20,35,28,44,27,33,30,27,28,16,14,4
Ward town,82735,10882735,128,5,0,8,4,2,9,7,15,10,17,6,7,14,14,5,2,3,0,0,0
Welby CDP,83120,10883120,15553,1004,1123,1141,1196,1150,1326,1322,1171,1086,939,919,877,797,543,404,248,157,98,47,5
Weldona CDP,83175,10883175,113,10,4,5,5,5,9,4,9,1,2,7,14,7,9,5,13,3,0,0,1
Wellington town,83230,10883230,11047,891,962,953,710,518,826,1139,1124,877,701,480,486,461,337,286,176,73,32,6,9
Westcliffe town,83450,10883450,435,11,14,12,17,22,30,13,18,21,19,29,37,48,48,44,26,16,4,3,3
Westcreek CDP,83500,10883500,120,3,3,2,16,3,4,10,8,0,2,6,16,15,8,9,5,6,1,3,0
Westminster city,83835,10883835,116317,6315,6599,6852,6676,7677,10445,10545,9147,7579,6950,6718,7138,7125,5863,4558,2662,1696,1065,545,162
Weston CDP,84000,10884000,53,2,2,0,3,4,2,4,1,4,3,5,4,3,4,8,1,0,1,2,0
West Pleasant View CDP,84042,10884042,4327,202,178,196,196,512,463,443,355,278,225,234,250,276,192,144,83,52,31,15,2
Wheat Ridge city,84440,10884440,32398,1694,1555,1421,1245,1444,2529,3052,2689,2125,1771,1773,2137,2289,2074,1542,1069,843,640,377,129
Wiggins town,84770,10884770,1401,144,105,121,96,86,141,131,95,78,56,74,59,74,50,35,29,12,9,2,4
Wiley town,85045,10885045,437,20,37,46,25,14,21,22,37,20,28,28,30,41,22,19,15,5,5,2,0
Williamsburg town,85155,10885155,731,32,31,45,39,28,28,39,44,36,43,47,56,62,73,58,37,17,9,4,3
Windsor town,85485,10885485,32716,2114,2477,2553,2262,1484,1721,2223,2425,2241,2231,2069,1951,1946,1712,1397,879,526,310,151,44
Winter Park town,85705,10885705,1033,28,34,31,41,65,130,111,92,63,63,65,67,86,59,56,23,10,4,2,3
Wolcott CDP,85760,10885760,20,2,1,2,0,0,1,1,1,1,0,0,1,3,4,2,1,0,0,0,0
Woodland Park city,86090,10886090,7920,281,401,503,463,318,323,395,494,465,475,560,739,729,754,531,258,148,57,19,7
Woodmoor CDP,86117,10886117,9536,352,508,773,812,410,306,312,447,555,647,786,877,812,696,598,351,165,81,40,8
Woody Creek CDP,86200,10886200,290,6,10,26,3,22,20,12,33,12,13,27,30,16,16,22,17,1,4,0,0
Wray city,86310,10886310,2358,176,176,159,132,147,168,197,152,106,125,122,123,142,113,100,60,72,50,28,10
Yampa town,86475,10886475,399,24,14,34,23,19,20,31,28,31,20,24,23,30,27,22,17,8,3,0,1
Yuma city,86750,10886750,3456,230,267,297,233,175,215,259,239,202,187,188,181,203,157,133,122,83,55,24,6
Alamosa East CDP,1145,10801145,1453,64,102,125,106,74,80,87,86,96,83,92,128,95,85,60,44,29,15,1,1
Air Force Academy CDP,870,10800870,6608,282,225,221,1434,3311,310,206,170,124,108,65,65,42,26,9,2,3,3,2,0
Akron town,925,10800925,1757,109,112,108,84,78,116,130,148,94,91,84,110,122,95,81,72,54,35,31,3
Alamosa city,1090,10801090,9806,574,687,681,870,1082,771,747,614,538,414,427,486,525,484,348,224,150,111,50,23
Allenspark CDP,1420,10801420,568,10,14,18,19,9,18,29,33,21,39,33,61,58,76,65,44,14,4,3,0
Alma town,1530,10801530,296,14,10,16,15,2,24,44,34,27,27,20,14,25,9,5,2,5,3,0,0
Alpine CDP,1640,10801640,169,3,6,4,4,2,6,7,16,12,9,18,1,17,20,10,19,8,6,1,0
Altona CDP,1740,10801740,512,20,16,31,14,7,14,21,24,23,24,44,57,51,57,60,30,11,7,1,0
Amherst CDP,1915,10801915,47,1,2,9,2,0,3,0,2,6,3,1,11,2,1,0,2,2,0,0,0
Antonito town,2355,10802355,647,26,37,55,37,16,27,30,48,28,39,48,44,62,58,28,23,19,12,6,4
Applewood CDP,2575,10802575,7833,435,456,424,366,381,427,529,591,556,452,502,528,560,526,436,275,197,128,52,12
Arboles CDP,2905,10802905,308,9,13,26,9,7,15,10,13,13,8,15,49,20,37,27,20,7,1,5,4
Aristocrat Ranchettes CDP,3015,10803015,1715,114,133,137,153,125,89,117,109,130,99,79,114,129,89,28,26,31,6,6,1
Arriba town,3235,10803235,202,14,12,11,13,9,8,8,14,14,4,12,22,15,20,10,6,4,2,3,1
Arvada city,3455,10803455,124402,6802,7135,7593,6898,5999,8204,9943,9888,8504,7672,7559,8558,7956,6959,5777,3852,2485,1629,762,227
Aspen city,3620,10803620,7004,254,258,311,328,435,527,648,596,435,519,586,506,458,397,329,227,108,56,25,1
Aspen Park CDP,3730,10803730,810,29,53,67,33,19,7,61,75,46,81,45,50,90,74,32,22,11,8,6,1
Atwood CDP,3840,10803840,138,5,5,6,13,5,7,2,3,15,7,8,10,18,9,9,13,3,0,0,0
Ault town,3950,10803950,1887,134,131,125,128,96,153,162,141,122,114,111,114,116,83,60,42,24,19,8,4
Aurora city,4000,10804000,386261,24598,26009,28091,25958,25806,31196,32169,30105,26622,24498,22319,21524,20158,16679,13062,7954,4915,2875,1301,422
Avon town,4110,10804110,6072,355,295,372,370,354,561,637,579,489,434,406,396,335,225,131,79,29,10,12,3
Avondale CDP,4165,10804165,594,32,36,49,38,27,34,22,34,28,33,44,44,50,38,46,16,14,2,6,1
Bark Ranch CDP,4620,10804620,202,9,8,8,6,4,7,19,12,21,22,7,18,19,19,9,11,3,0,0,0
Basalt town,4935,10804935,3984,213,195,222,184,199,294,322,319,274,289,284,256,311,245,187,106,55,17,10,2
Battlement Mesa CDP,5120,10805120,5438,395,425,435,336,371,413,379,352,336,256,275,306,332,263,218,129,113,71,30,3
Bayfield town,5265,10805265,2838,220,284,243,167,99,170,221,253,213,169,146,124,134,147,106,63,41,21,13,4
Bennett town,6090,10806090,2862,185,216,253,233,157,236,227,165,175,145,195,195,181,131,82,45,24,7,9,1
Berkley CDP,6172,10806172,12536,755,834,953,929,1007,1042,1031,988,916,774,729,665,615,454,357,220,151,73,35,8
Berthoud town,6255,10806255,10332,645,781,755,614,467,620,818,809,709,587,658,734,665,570,408,262,125,72,24,9
Bethune town,6530,10806530,183,17,13,12,14,7,6,7,10,14,12,10,20,9,10,6,7,3,4,2,0
Beulah Valley CDP,6602,10806602,518,13,24,30,20,16,13,16,35,20,32,22,62,37,60,62,36,9,6,5,0
Black Forest CDP,6970,10806970,15097,573,824,1114,1168,683,440,440,680,804,1025,1280,1549,1525,1182,905,462,267,115,46,15
Black Hawk city,7025,10807025,127,2,2,5,7,3,5,9,11,6,14,5,15,20,11,3,2,6,1,0,0
Blanca town,7190,10807190,322,15,24,27,18,20,14,17,16,19,20,19,20,26,24,15,15,3,4,3,3
Blende CDP,7245,10807245,788,41,43,42,54,39,35,36,41,37,49,61,62,49,64,52,30,32,16,4,1
Blue River town,7410,10807410,877,43,46,50,49,39,84,71,72,73,61,57,64,48,55,40,17,6,1,0,1
Blue Sky CDP,7420,10807420,65,9,6,8,4,0,2,7,0,2,2,0,7,12,2,3,0,1,0,0,0
Bonanza town,7571,10807571,17,0,0,0,1,0,2,2,2,1,4,0,0,0,0,1,3,1,0,0,0
Bonanza Mountain Estates CDP,7580,10807580,127,0,8,5,1,0,6,22,2,5,15,17,8,10,11,7,10,0,0,0,0
Boone town,7795,10807795,305,10,18,26,18,9,21,26,19,20,14,18,32,26,18,9,2,9,5,1,4
Boulder city,7850,10807850,108250,3247,3848,4514,12594,19291,10662,7923,5844,5461,5587,5479,4947,4859,4480,3843,2430,1540,957,584,160
Bow Mar town,8070,10808070,853,22,69,80,79,47,10,12,27,37,69,81,57,67,67,53,30,22,14,7,3
Brandon CDP,8290,10808290,21,2,0,2,1,0,3,1,0,0,0,3,0,1,7,1,0,0,0,0,0
Branson town,8345,10808345,57,4,3,7,3,2,3,3,3,2,3,0,6,3,4,3,2,2,0,2,2
Breckenridge town,8400,10808400,5078,188,177,210,209,266,627,620,517,340,373,334,309,313,269,194,104,21,3,1,3
Brick Center CDP,8530,10808530,105,5,1,4,9,1,1,6,3,7,13,22,14,13,0,2,2,2,0,0,0
Brighton city,8675,10808675,40083,2638,2920,3382,2911,2774,2947,3096,3073,2738,2484,2343,2249,1910,1607,1219,820,504,306,120,42
Brookside town,9115,10809115,236,6,7,12,14,8,10,10,12,15,10,17,23,26,19,17,14,4,4,6,2
Broomfield city,9280,10809280,74112,3531,4367,5166,4688,4609,6113,5786,5143,5303,5327,4684,4400,4131,3488,3121,1955,1157,722,342,79
Brush city,9555,10809555,5339,337,398,358,351,322,359,312,321,243,290,298,301,314,274,238,180,179,133,108,23
Buena Vista town,10105,10810105,2855,147,163,159,140,91,201,227,228,179,180,134,187,228,184,168,118,57,45,17,2
Fruita city,28745,10828745,13395,787,899,1116,948,569,668,891,968,936,815,705,792,804,796,630,501,329,176,57,8
Fraser town,28305,10828305,1400,47,53,66,43,116,187,153,122,112,105,79,72,94,79,42,9,12,6,1,2
Frederick town,28360,10828360,14513,1086,1114,1214,898,629,810,1206,1286,1110,1075,964,858,744,575,466,244,131,63,30,10
Frisco town,28690,10828690,2913,106,101,105,107,99,268,306,253,225,230,189,228,205,190,161,84,37,12,3,4
Fruitvale CDP,28800,10828800,8271,433,488,545,494,352,452,538,529,491,427,424,594,576,594,530,369,222,133,70,10
Fulford CDP,28830,10828830,0,0,0,0,0,0,0,0,0,0,0,0,0,0,0,0,0,0,0,0,0
Garden City town,29185,10829185,254,8,16,18,14,9,19,34,11,8,14,22,23,14,24,7,5,6,1,0,1
Garfield CDP,29295,10829295,27,0,0,0,3,2,0,4,2,2,1,6,0,1,2,0,0,2,2,0,0
Genesee CDP,29625,10829625,3610,145,167,182,171,128,77,121,178,214,220,247,298,390,397,355,200,90,21,5,4
Genoa town,29680,10829680,153,9,7,14,7,4,9,3,6,6,7,15,18,18,12,8,3,2,1,4,0
Georgetown town,29735,10829735,1118,40,51,41,35,41,98,116,87,66,64,98,83,79,75,74,29,20,15,3,3
Gerrard CDP,29845,10829845,264,10,10,13,9,6,11,5,10,12,14,17,22,27,37,24,24,12,1,0,0
Gilcrest town,29955,10829955,1029,61,72,78,99,68,68,61,72,67,63,48,76,69,43,38,18,14,7,4,3
Glendale city,30340,10830340,4613,153,88,111,137,618,1154,778,426,261,203,188,162,135,83,62,28,10,11,4,1
Glendale CDP,30350,10830350,64,2,3,7,1,1,5,1,4,0,7,4,11,5,5,6,2,0,0,0,0
Gleneagle CDP,30420,10830420,6649,299,423,559,546,315,247,260,333,448,422,490,516,497,407,382,224,154,99,25,3
Glenwood Springs city,30780,10830780,9963,548,563,664,649,552,715,838,870,717,646,568,615,604,510,416,210,117,92,53,16
Golden city,30835,10830835,20399,695,849,892,2236,2527,1702,1592,1318,1177,1136,1135,1200,1119,964,733,492,335,171,98,28
Goldfield CDP,30890,10830890,63,4,2,4,6,2,3,0,4,4,11,5,4,7,3,4,0,0,0,0,0
Gold Hill CDP,30945,10830945,218,9,5,6,4,4,10,13,11,9,10,18,23,28,30,31,2,3,2,0,0
Granada town,31550,10831550,445,31,39,38,35,20,23,14,27,23,22,31,24,31,31,19,11,10,12,3,1
Granby town,31605,10831605,2079,100,115,140,147,103,143,174,156,148,128,123,133,188,118,93,34,22,6,4,4
Grand Junction city,31660,10831660,65560,3192,3462,3641,4806,5559,4350,4275,4242,3569,3307,3339,3863,4362,4302,3404,2353,1674,1080,575,205
Grand Lake town,31715,10831715,410,11,11,6,18,14,28,27,21,17,19,32,52,43,45,42,16,2,3,1,2
Grand View Estates CDP,31935,10831935,689,36,30,50,41,27,31,37,48,39,44,58,45,69,44,43,21,14,9,3,0
Greeley city,32155,10832155,108795,7457,7587,7590,9256,10495,8699,8067,7163,6191,5652,5410,5488,5239,4862,3714,2487,1690,1065,539,144
Green Mountain Falls town,32650,10832650,646,23,14,25,41,32,24,32,25,30,54,50,66,71,52,49,26,17,5,9,1
Greenwood Village city,33035,10833035,15691,572,871,1239,1147,839,969,793,863,998,1181,1150,1102,1063,947,835,471,287,208,124,32
Grover town,33310,10833310,157,11,5,9,9,11,16,10,7,12,5,6,10,11,12,6,9,5,1,2,0
Guffey CDP,33420,10833420,111,1,3,2,1,2,1,3,10,3,4,14,7,26,11,11,10,1,0,1,0
Gunbarrel CDP,33502,10833502,9554,312,394,438,460,540,804,804,675,571,577,665,671,675,691,535,365,222,117,36,2
Gunnison city,33640,10833640,6560,301,251,277,789,1245,628,518,434,353,304,247,246,279,259,170,114,56,52,22,15
Gypsum town,33695,10833695,8040,552,592,705,632,503,486,698,610,596,647,538,474,404,289,164,95,28,20,6,1
Hartman town,34520,10834520,56,2,2,2,3,4,2,6,4,3,0,7,2,7,4,1,5,1,1,0,0
Hasty CDP,34685,10834685,182,9,15,11,9,1,5,12,17,13,10,12,16,19,16,11,4,0,2,0,0
Haswell town,34740,10834740,71,4,2,5,8,1,2,3,10,0,7,1,4,11,5,2,2,2,2,0,0
Haxtun town,34960,10834960,981,50,62,78,62,39,41,52,60,58,46,50,65,65,72,64,39,34,21,17,6
Hayden town,35070,10835070,1941,132,118,125,108,90,138,183,181,148,107,87,135,136,103,64,35,27,8,11,5
Heeney CDP,35400,10835400,74,2,2,2,0,4,1,5,11,2,6,0,10,14,6,3,3,1,1,1,0
Hidden Lake CDP,35860,10835860,24,0,1,1,0,2,1,1,3,1,4,2,2,6,0,0,0,0,0,0,0
Highlands Ranch CDP,36410,10836410,103444,5060,7011,9059,8781,5004,4342,5246,6782,7547,8928,8608,7579,5905,4471,3559,2333,1541,1070,495,123
Hillrose town,36610,10836610,312,29,21,24,10,16,20,25,17,26,14,15,26,13,24,13,9,5,3,1,1
Hoehne CDP,36940,10836940,80,2,5,1,8,2,2,6,3,5,5,5,6,5,7,11,0,4,1,2,0
Holly town,37215,10837215,837,63,66,60,68,47,45,57,37,33,48,48,50,50,46,46,27,25,12,4,5
Holly Hills CDP,37220,10837220,2683,148,170,147,126,90,143,168,181,198,190,173,138,191,206,168,94,79,46,19,8
Holyoke city,37270,10837270,2346,152,165,173,180,106,146,156,127,126,122,135,137,148,109,108,82,61,58,37,18
Hooper town,37380,10837380,81,4,7,4,8,2,5,2,0,8,7,6,2,16,5,0,4,0,1,0,0
Hotchkiss town,37545,10837545,875,50,53,58,57,26,50,58,44,50,47,62,50,72,68,51,29,30,12,5,3
Hot Sulphur Springs town,37600,10837600,687,21,45,39,36,31,39,34,54,52,55,48,48,80,56,26,10,7,3,0,3
Howard CDP,37655,10837655,852,16,34,36,40,20,27,51,42,31,35,40,77,121,94,94,51,27,14,1,1
Hudson town,37820,10837820,1651,115,94,120,117,107,154,110,104,99,85,119,116,111,71,72,26,19,10,1,1
Hugo town,37875,10837875,787,47,58,56,39,34,44,58,41,41,33,39,68,44,59,46,32,27,10,7,4
Idaho Springs city,38370,10838370,1782,74,65,79,84,84,108,158,134,125,114,133,134,147,131,106,57,28,7,11,3
